{
	"class_name" : "PinholeCameraParameters",
	"extrinsic" : 
	[
		-0.53965699796321454,
		-0.2383484990659856,
		0.80744059691244352,
		0.0,
		-0.043027721351935805,
		-0.95002455342230674,
		-0.30919567120192193,
		0.0,
		0.84078471664546295,
		-0.20160193671623963,
		0.50243180568876222,
		0.0,
		-0.0027695125150946076,
		0.0028255057446625043,
		2.5706820187080082,
		1.0
	],
	"intrinsic" : 
	{
		"height" : 1080,
		"intrinsic_matrix" : 
		[
			935.30743608719399,
			0.0,
			0.0,
			0.0,
			935.30743608719399,
			0.0,
			959.5,
			539.5,
			1.0
		],
		"width" : 1920
	},
	"version_major" : 1,
	"version_minor" : 0
}