{
	"class_name" : "ViewTrajectory",
	"interval" : 29,
	"is_loop" : false,
	"trajectory" : 
	[
		{
			"boundingbox_max" : [ 0.40675699999999998, 0.17580999999999999, 0.18403 ],
			"boundingbox_min" : [ -0.41578599999999999, -0.18032799999999999, -0.19007499999999999 ],
			"field_of_view" : 60.0,
			"front" : [ 0.4856698849263883, 0.44175874584738395, 0.75430363471412187 ],
			"lookat" : 
			[
				-0.0045145000000000046,
				-0.0022589999999999971,
				-0.0030224999999999974
			],
			"up" : [ -0.26063493049063008, 0.896838770753702, -0.35742083358575111 ],
			"zoom" : 2.0
		}
	],
	"version_major" : 1,
	"version_minor" : 0
}
